<?xml version="1.0" ?>
<LOG_ROOT>
	<PROJECT NAME="BouncingBall">
		<CBX_INST_ENTRY INSTANCE_NAME="|BouncingBall|colorMux:inst15|bgrom:bgrom1|altsyncram:altsyncram_component" CBX_FILE_NAME="altsyncram_i9d1.tdf"/>
		<CBX_INST_ENTRY INSTANCE_NAME="|BouncingBall|heartSkin:inst26|heartrom:heartrom1|altsyncram:altsyncram_component" CBX_FILE_NAME="altsyncram_k0b1.tdf"/>
		<CBX_INST_ENTRY INSTANCE_NAME="|BouncingBall|text_controller:inst19|lpm_divide:Div0" CBX_FILE_NAME="lpm_divide_mhm.tdf"/>
		<CBX_INST_ENTRY INSTANCE_NAME="|BouncingBall|char_rom:inst11|altsyncram:altsyncram_component" CBX_FILE_NAME="altsyncram_kt91.tdf"/>
		<CBX_INST_ENTRY INSTANCE_NAME="|BouncingBall|gift:inst14|lpm_divide:Div0" CBX_FILE_NAME="lpm_divide_jhm.tdf"/>
		<CBX_INST_ENTRY INSTANCE_NAME="|BouncingBall|gift:inst23|lpm_divide:Div0" CBX_FILE_NAME="lpm_divide_jhm.tdf"/>
		<CBX_INST_ENTRY INSTANCE_NAME="|BouncingBall|pipe:inst10|lpm_divide:Div0" CBX_FILE_NAME="lpm_divide_jhm.tdf"/>
		<CBX_INST_ENTRY INSTANCE_NAME="|BouncingBall|pizzaSkin:inst30|pizzarom:pizzarom1|altsyncram:altsyncram_component" CBX_FILE_NAME="altsyncram_c4b1.tdf"/>
		<CBX_INST_ENTRY INSTANCE_NAME="|BouncingBall|pll:inst3|altpll:altpll_component" CBX_FILE_NAME="pll_altpll.v"/>
		<CBX_INST_ENTRY INSTANCE_NAME="|BouncingBall|text_controller:inst19|lpm_divide:Div1" CBX_FILE_NAME="lpm_divide_jhm.tdf"/>
		<CBX_INST_ENTRY INSTANCE_NAME="|BouncingBall|text_controller:inst19|lpm_divide:Mod0" CBX_FILE_NAME="lpm_divide_3bm.tdf"/>
		<CBX_INST_ENTRY INSTANCE_NAME="|BouncingBall|birdSkin:inst21|birdRom:birdRom1|altsyncram:altsyncram_component" CBX_FILE_NAME="altsyncram_09d1.tdf"/>
		<CBX_INST_ENTRY INSTANCE_NAME="|BouncingBall|text_controller:inst19|lpm_divide:Div2" CBX_FILE_NAME="lpm_divide_8gm.tdf"/>
		<CBX_INST_ENTRY INSTANCE_NAME="|BouncingBall|text_controller:inst19|lpm_divide:Mod1" CBX_FILE_NAME="lpm_divide_3bm.tdf"/>
		<CBX_INST_ENTRY INSTANCE_NAME="|BouncingBall|pipe:inst16|lpm_divide:Div0" CBX_FILE_NAME="lpm_divide_jhm.tdf"/>
		<CBX_INST_ENTRY INSTANCE_NAME="|BouncingBall|text_controller:inst19|lpm_divide:Mod2" CBX_FILE_NAME="lpm_divide_d8m.tdf"/>
		<CBX_INST_ENTRY INSTANCE_NAME="|BouncingBall|pipe:inst17|lpm_divide:Div0" CBX_FILE_NAME="lpm_divide_jhm.tdf"/>
	</PROJECT>
</LOG_ROOT>
