<?xml version="1.0" ?>
<LOG_ROOT>
	<PROJECT NAME="BouncingBall">
		<CBX_INST_ENTRY INSTANCE_NAME="|BouncingBall|colorMux:inst15|bgrom:bgrom1|altsyncram:altsyncram_component" CBX_FILE_NAME="altsyncram_i9d1.tdf"/>
		<CBX_INST_ENTRY INSTANCE_NAME="|BouncingBall|pipe:inst17|lpm_divide:Div0" CBX_FILE_NAME="lpm_divide_jhm.tdf"/>
		<CBX_INST_ENTRY INSTANCE_NAME="|BouncingBall|char_rom:inst11|altsyncram:altsyncram_component" CBX_FILE_NAME="altsyncram_kt91.tdf"/>
		<CBX_INST_ENTRY INSTANCE_NAME="|BouncingBall|pipe:inst10|lpm_divide:Div0" CBX_FILE_NAME="lpm_divide_jhm.tdf"/>
		<CBX_INST_ENTRY INSTANCE_NAME="|BouncingBall|pipe:inst16|lpm_divide:Div0" CBX_FILE_NAME="lpm_divide_jhm.tdf"/>
		<CBX_INST_ENTRY INSTANCE_NAME="|BouncingBall|pll:inst3|altpll:altpll_component" CBX_FILE_NAME="pll_altpll.v"/>
	</PROJECT>
</LOG_ROOT>
